{"count":1,"self":4208.2361344,"total":4305.5949143,"children":{"InitializeActuators":{"count":1,"self":0.0020020999999999997,"total":0.0020020999999999997,"children":null},"InitializeSensors":{"count":1,"self":0.0020017999999999998,"total":0.0020017999999999998,"children":null},"AgentSendState":{"count":107301,"self":0.1596529,"total":0.5516116,"children":{"CollectObservations":{"count":21461,"self":0.028559599999999997,"total":0.028559599999999997,"children":null},"WriteActionMask":{"count":21461,"self":0.0095167,"total":0.0095167,"children":null},"RequestDecision":{"count":21461,"self":0.0625609,"total":0.3538824,"children":{"AgentInfo.ToProto":{"count":21461,"self":0.0765624,"total":0.2913215,"children":{"GenerateSensorData":{"count":21461,"self":0.21475909999999998,"total":0.21475909999999998,"children":null}}}}}}},"DecideAction":{"count":107301,"self":96.525907199999992,"total":96.5259073,"children":null},"AgentAct":{"count":107301,"self":0.27726639999999997,"total":0.27726639999999997,"children":{"AgentInfo.ToProto":{"count":5,"self":0,"total":0,"children":{"GenerateSensorData":{"count":5,"self":0,"total":0,"children":null}}}}}},"gauges":{"Mouse.CumulativeReward":{"count":5,"max":-8.010021,"min":-1777.48535,"runningAverage":-661.8438,"value":-25.9100266,"weightedAverage":-480.503632}},"metadata":{"timer_format_version":"0.1.0","start_time_seconds":"1724022445","unity_version":"2023.2.0f1","command_line_arguments":"C:\\Program Files\\Unity\\Hub\\Editor\\2023.2.0f1\\Editor\\Unity.exe -projectpath C:\\Unity_Projects\\2d_game\\Maze Generator -useHub -hubIPC -cloudEnvironment production","communication_protocol_version":"1.5.0","com.unity.ml-agents_version":"3.0.0-exp.1","scene_name":"3DBall","end_time_seconds":"1724026751"}}