{"count":1,"self":1764.3053055999999,"total":1981.9376674,"children":{"InitializeActuators":{"count":12,"self":0.0010003,"total":0.0010003,"children":null},"InitializeSensors":{"count":12,"self":0.001001,"total":0.001001,"children":null},"AgentSendState":{"count":100534,"self":0.5881107,"total":2.5139424999999997,"children":{"CollectObservations":{"count":241284,"self":0.35884489999999997,"total":0.35884489999999997,"children":null},"WriteActionMask":{"count":241284,"self":0.11611379999999999,"total":0.11611379999999999,"children":null},"RequestDecision":{"count":241284,"self":0.3897766,"total":1.4508731,"children":{"AgentInfo.ToProto":{"count":241284,"self":0.44242679999999995,"total":1.0610964999999999,"children":{"GenerateSensorData":{"count":241284,"self":0.6186697,"total":0.6186697,"children":null}}}}}}},"DecideAction":{"count":100534,"self":211.9292288,"total":211.9292247,"children":null},"AgentAct":{"count":100534,"self":3.1727472,"total":3.1872789,"children":{"AgentInfo.ToProto":{"count":2153,"self":0.0050071,"total":0.0145318,"children":{"GenerateSensorData":{"count":2153,"self":0.0095246999999999988,"total":0.0095246999999999988,"children":null}}}}}},"gauges":{"3DBall.CumulativeReward":{"count":2153,"max":100.099045,"min":1.1920929E-07,"runningAverage":10.0745649,"value":100.099045,"weightedAverage":100.01825}},"metadata":{"timer_format_version":"0.1.0","start_time_seconds":"1723602603","unity_version":"2023.2.0f1","command_line_arguments":"C:\\Program Files\\Unity\\Hub\\Editor\\2023.2.0f1\\Editor\\Unity.exe -projectpath C:\\Unity_Projects\\2d_game\\Maze Generator -useHub -hubIPC -cloudEnvironment production","communication_protocol_version":"1.5.0","com.unity.ml-agents_version":"3.0.0-exp.1","scene_name":"SampleScene","end_time_seconds":"1723604585"}}