{
    "name": "root",
    "gauges": {
        "Mouse.Policy.Entropy.mean": {
            "value": 1.6091270446777344,
            "min": 1.6091270446777344,
            "max": 1.6091270446777344,
            "count": 1
        },
        "Mouse.Policy.Entropy.sum": {
            "value": 16154.0263671875,
            "min": 16154.0263671875,
            "max": 16154.0263671875,
            "count": 1
        },
        "Mouse.Step.mean": {
            "value": 9975.0,
            "min": 9975.0,
            "max": 9975.0,
            "count": 1
        },
        "Mouse.Step.sum": {
            "value": 9975.0,
            "min": 9975.0,
            "max": 9975.0,
            "count": 1
        },
        "Mouse.Policy.CuriosityValueEstimate.mean": {
            "value": -0.08239877223968506,
            "min": -0.08239877223968506,
            "max": -0.08239877223968506,
            "count": 1
        },
        "Mouse.Policy.CuriosityValueEstimate.sum": {
            "value": -12.936607360839844,
            "min": -12.936607360839844,
            "max": -12.936607360839844,
            "count": 1
        },
        "Mouse.Environment.EpisodeLength.mean": {
            "value": 1914.5,
            "min": 1914.5,
            "max": 1914.5,
            "count": 1
        },
        "Mouse.Environment.EpisodeLength.sum": {
            "value": 3829.0,
            "min": 3829.0,
            "max": 3829.0,
            "count": 1
        },
        "Mouse.Environment.CumulativeReward.mean": {
            "value": -112.58499769866467,
            "min": -112.58499769866467,
            "max": -112.58499769866467,
            "count": 1
        },
        "Mouse.Environment.CumulativeReward.sum": {
            "value": -225.16999539732933,
            "min": -225.16999539732933,
            "max": -225.16999539732933,
            "count": 1
        },
        "Mouse.Policy.CuriosityReward.mean": {
            "value": 78.21585941314697,
            "min": 78.21585941314697,
            "max": 78.21585941314697,
            "count": 1
        },
        "Mouse.Policy.CuriosityReward.sum": {
            "value": 156.43171882629395,
            "min": 156.43171882629395,
            "max": 156.43171882629395,
            "count": 1
        },
        "Mouse.Losses.PolicyLoss.mean": {
            "value": 0.13766311472150766,
            "min": 0.13766311472150766,
            "max": 0.13766311472150766,
            "count": 1
        },
        "Mouse.Losses.PolicyLoss.sum": {
            "value": 0.5506524588860306,
            "min": 0.5506524588860306,
            "max": 0.5506524588860306,
            "count": 1
        },
        "Mouse.Losses.ValueLoss.mean": {
            "value": 12.892161007175366,
            "min": 12.892161007175366,
            "max": 12.892161007175366,
            "count": 1
        },
        "Mouse.Losses.ValueLoss.sum": {
            "value": 51.56864402870146,
            "min": 51.56864402870146,
            "max": 51.56864402870146,
            "count": 1
        },
        "Mouse.Policy.LearningRate.mean": {
            "value": 9.791202088000002e-06,
            "min": 9.791202088000002e-06,
            "max": 9.791202088000002e-06,
            "count": 1
        },
        "Mouse.Policy.LearningRate.sum": {
            "value": 3.916480835200001e-05,
            "min": 3.916480835200001e-05,
            "max": 3.916480835200001e-05,
            "count": 1
        },
        "Mouse.Policy.Epsilon.mean": {
            "value": 0.19791200000000003,
            "min": 0.19791200000000003,
            "max": 0.19791200000000003,
            "count": 1
        },
        "Mouse.Policy.Epsilon.sum": {
            "value": 0.7916480000000001,
            "min": 0.7916480000000001,
            "max": 0.7916480000000001,
            "count": 1
        },
        "Mouse.Policy.Beta.mean": {
            "value": 0.0001,
            "min": 0.0001,
            "max": 0.0001,
            "count": 1
        },
        "Mouse.Policy.Beta.sum": {
            "value": 0.0004,
            "min": 0.0004,
            "max": 0.0004,
            "count": 1
        },
        "Mouse.Losses.CuriosityForwardLoss.mean": {
            "value": 0.17606237095633862,
            "min": 0.17606237095633862,
            "max": 0.17606237095633862,
            "count": 1
        },
        "Mouse.Losses.CuriosityForwardLoss.sum": {
            "value": 0.7042494838253545,
            "min": 0.7042494838253545,
            "max": 0.7042494838253545,
            "count": 1
        },
        "Mouse.Losses.CuriosityInverseLoss.mean": {
            "value": 1.385231308243726,
            "min": 1.385231308243726,
            "max": 1.385231308243726,
            "count": 1
        },
        "Mouse.Losses.CuriosityInverseLoss.sum": {
            "value": 5.540925232974904,
            "min": 5.540925232974904,
            "max": 5.540925232974904,
            "count": 1
        },
        "Mouse.IsTraining.mean": {
            "value": 1.0,
            "min": 1.0,
            "max": 1.0,
            "count": 1
        },
        "Mouse.IsTraining.sum": {
            "value": 1.0,
            "min": 1.0,
            "max": 1.0,
            "count": 1
        }
    },
    "metadata": {
        "timer_format_version": "0.1.0",
        "start_time_seconds": "1724029176",
        "python_version": "3.10.12 | packaged by Anaconda, Inc. | (main, Jul  5 2023, 19:01:18) [MSC v.1916 64 bit (AMD64)]",
        "command_line_arguments": "C:\\Users\\alima\\miniconda3\\envs\\mlagents\\Scripts\\mlagents-learn ML-Agents/config/MazeSolver.yaml --run-id=Maze07",
        "mlagents_version": "1.1.0.dev0",
        "mlagents_envs_version": "1.1.0.dev0",
        "communication_protocol_version": "1.5.0",
        "pytorch_version": "2.2.2+cu121",
        "numpy_version": "1.23.5",
        "end_time_seconds": "1724029282"
    },
    "total": 106.55535209999653,
    "count": 1,
    "self": 0.007224800036055967,
    "children": {
        "run_training.setup": {
            "total": 0.0943857999809552,
            "count": 1,
            "self": 0.0943857999809552
        },
        "TrainerController.start_learning": {
            "total": 106.45374149997951,
            "count": 1,
            "self": 0.20917720059514977,
            "children": {
                "TrainerController._reset_env": {
                    "total": 9.403104500001064,
                    "count": 1,
                    "self": 9.403104500001064
                },
                "TrainerController.advance": {
                    "total": 96.74867669938249,
                    "count": 14716,
                    "self": 0.19290549750439823,
                    "children": {
                        "env_step": {
                            "total": 75.02876580131124,
                            "count": 14716,
                            "self": 51.07504089770373,
                            "children": {
                                "SubprocessEnvManager._take_step": {
                                    "total": 23.818484902236378,
                                    "count": 14716,
                                    "self": 0.5107778026722372,
                                    "children": {
                                        "TorchPolicy.evaluate": {
                                            "total": 23.30770709956414,
                                            "count": 14714,
                                            "self": 23.30770709956414
                                        }
                                    }
                                },
                                "workers": {
                                    "total": 0.13524000137113035,
                                    "count": 14715,
                                    "self": 0.0,